dbn,school,total_enrollment,amount_owed
01M539,"New Explorations into Science, Technology and Math High School",1725,4177501.5
01M184,P.S. 184m Shuang Wen,668,1617722.32
01M450,East Side Community School,649,1571709.26
01M020,P.S. 020 Anna Silver,631,1528117.94
01M696,Bard High School Early College,560,1356174.4
01M515,Lower East Side Preparatory High School,551,1334378.74
01M188,P.S. 188 The Island School,501,1213291.74
01M110,P.S. 110 Florence Nightingale,416,1007443.84
01M509,Marta Valle High School,401,971117.74
01M034,P.S. 034 Franklin D. Roosevelt,393,951743.82
01M140,P.S. 140 Nathan Straus,393,951743.82
01M142,P.S. 142 Amalia Castro,384,929948.16
01M839,Tompkins Square Middle School,377,912995.98
01M292,Henry Street School for International Studies,323,782222.02
01M134,P.S. 134 Henrietta Szold,318,770113.32
01M364,Earth School,318,770113.32
01M363,Neighborhood School,300,726522
01M448,University Neighborhood High School,299,724100.26
01M064,P.S. 064 Robert Simon,287,695039.38
01M019,P.S. 019 Asher Levy,285,690195.9
01M315,The East Village Community School,276,668400.24
01M361,The Children's Workshop School,258,624808.92
01M378,School for Global Leaders,244,590904.56
01M458,Forsyth Satellite Academy,224,542469.76
01M650,Cascades High School,222,537626.28
01M137,P.S. 137 John L. Bernstein,202,489191.48
01M015,P.S. 015 Roberto Clemente,190,460130.6
01M063,The STAR Academy - P.S.63,179,433491.46
01M345,"Collaborative Academy of Science, Technology, & Language-Arts Education",166,402008.84
01M301,"Technology, Arts, and Sciences Studio",158,382634.92
01M332,University Neighborhood Middle School,100,242174
02M475,Stuyvesant High School,3292,7972368.08
02M600,The High School of Fashion Industries,1732,4194453.68
02M420,High School for Health Professions and Human Services,1706,4131488.44
02M520,Murry Bergtraum High School for Business Careers,1466,3550270.84
02M630,Art and Design High School,1438,3482462.12
02M167,J.H.S. 167 Robert F. Wagner,1345,3257240.3
02M400,High School for Environmental Studies,1312,3177322.88
02M104,J.H.S. 104 Simon Baruch,1034,2504079.16
02M130,P.S. 130 Hernando De Soto,999,2419318.26
02M276,BATTERY PARK CITY SCHOOL,875,2119022.5
02M124,P.S. 124 Yung Wing,866,2097226.84
02M126,P.S. 126 Jacob August Riis,841,2036683.34
02M002,P.S. 002 Meyer London,822,1990670.28
02M011,P.S. 011 William T. Harris,820,1985826.8
02M003,P.S. 003 Charrette School,808,1956765.92
02M042,P.S. 042 Benjamin Altman,792,1918018.08
02M041,P.S. 041 Greenwich Village,791,1915596.34
02M234,P.S. 234 Independence School,785,1901065.9
02M655,Life Sciences Secondary School,771,1867161.54
02M575,Manhattan Comprehensive Night and Day High School,768,1859896.32
02M489,High School of Economics and Finance,767,1857474.58
02M006,P.S. 006 Lillie D. Blake,751,1818726.74
02M158,P.S. 158 Bayard Taylor,747,1809039.78
02M625,High School of Graphic Communication Arts,735,1779978.9
02M116,P.S. 116 Mary Lindley Murray,724,1753339.76
02M413,School of the Future High School,715,1731544.1
02M529,Jacqueline Kennedy Onassis High School,709,1717013.66
02M425,Leadership and Public Service High School,685,1658891.9
02M290,P.S. 290 Manhattan New School,675,1634674.5
02M418,Millennium High School,619,1499057.06
02M183,P.S. 183 Robert L. Stevenson,606,1467574.44
02M560,High School M560 - City As School,606,1467574.44
02M412,N.Y.C. Lab School for Collaborative Studies,599,1450622.26
02M059,P.S. 059 Beekman Hill International,598,1448200.52
02M040,P.S. 040 Augustus Saint-Gaudens,594,1438513.56
02M580,Richard R. Green High School of Teaching,593,1436091.82
02M033,P.S. 033 Chelsea Prep,576,1394922.24
02M312,New York City Lab Middle School for Collaborative Studies,573,1387657.02
02M542,Manhattan Bridges High School,552,1336800.48
02M374,Gramercy Arts High School,548,1327113.52
02M111,P.S. 111 Adolph S. Ochs,533,1290787.42
02M416,Eleanor Roosevelt High School,531,1285943.94
02M519,Talent Unlimited High School,530,1283522.2
02M217,P.S./I.S. 217 Roosevelt Island,518,1254461.32
02M408,Professional Performing Arts High School,512,1239930.88
02M001,P.S. 001 Alfred E. Smith,496,1201183.04
02M198,P.S. 198 Isador E. Ida Straus,495,1198761.3
02M151,Yorkville Community School,485,1174543.9
02M422,Quest to Learn,478,1157591.72
02M089,P.S. 89,472,1143061.28
02M449,Vanguard High School,469,1135796.06
02M407,Institute for Collaborative Education,468,1133374.32
02M414,N.Y.C. Museum School,462,1118843.88
02M437,Hudson High School of Learning Technologies,462,1118843.88
02M131,M.S. 131,445,1077674.3
02M114,East Side Middle School,443,1072830.82
02M288,Food and Finance High School,443,1072830.82
02M615,Chelsea Career and Technical Education High School,443,1072830.82
02M411,Baruch College Campus High School,439,1063143.86
02M543,New Design High School,439,1063143.86
02M551,Urban Assembly New York Harbor School,439,1063143.86
02M376,NYC iSchool,433,1048613.42
02M296,High School of Hospitality Management,431,1043769.94
02M300,"Urban Assembly School of Design and Construction, The",427,1034082.98
02M392,MANHATTAN BUSINESS ACADEMY,426,1031661.24
02M298,Pace High School,421,1019552.54
02M393,BUSINESS OF SPORTS SCHOOL,420,1017130.8
02M303,"Facing History School, The",417,1009865.58
02M439,Manhattan Village Academy,414,1002600.36
02M316,"Urban Assembly School of Business for Young Women, the",412,997756.88
02M545,High School for Dual Language and Asian Studies,410,992913.4
02M419,Landmark High School,396,959009.04
02M255,M.S. 255 Salk School of Science,378,915417.72
02M507,Urban Assembly Gateway School for Technology,367,888778.58
02M308,Lower Manhattan Arts Academy,362,876669.88
02M397,SPRUCE STREET SCHOOL,362,876669.88
02M399,THE HIGH SCHOOL FOR LANGUAGE AND DIPLOMACY,358,866982.92
02M896,Lower Manhattan Community Middle School,350,847609
02M294,Essex Street Academy,349,845187.26
02M077,P.S. 77 Lower Lab School,348,842765.52
02M212,P.S. 212 Midtown West,343,830656.82
02M438,International High School at Union Square,339,820969.86
02M550,Liberty High School Academy for Newcomers,339,820969.86
02M459,Manhattan International High School,331,801595.94
02M544,Independence High School,328,794330.72
02M305,"Urban Assembly Academy of Government and Law, The",326,789487.24
02M225,Ella Baker School,319,772535.06
02M427,MANHATTAN ACADEMY FOR ARTS & LANGUAGE,312,755582.88
02M460,Washington Irving High School,308,745895.92
02M432,Murray Hill Academy,305,738630.7
02M051,P.S. 051 Elias Howe,304,736208.96
02M289,I.S. 289,293,709569.82
02M260,M.S. 260 Clinton School Writers & Artists,266,644182.84
02M267,"East Side Elementary School, PS 267",261,632074.14
02M313,"James Baldwin School, The: A School for Expeditionary Learning",260,629652.4
02M500,Unity Center for Urban Technologies,255,617543.7
02M570,Satellite Academy High School,255,617543.7
02M546,Academy for Software Engineering,241,583639.34
02M531,Repertory Company High School for Theatre Arts,236,571530.64
02M534,Harvest Collegiate High School,232,561843.68
02M533,Union Square Academy for Health Sciences,223,540048.02
02M394,EMMA LAZARUS HIGH SCHOOL,221,535204.54
02M347,The 47 American Sign Language & English Lower School,214,518252.36
02M605,Humanities Preparatory Academy,210,508565.4
02M620,Norman Thomas High School,200,484348
02M047,47 The American Sign Language and English Secondary School,184,445600.16
02M150,P.S. 150,184,445600.16
02M565,Urban Academy Laboratory High School,159,385056.66
02M442,"Ballet Tech, NYC Public School for Dance",149,360839.26
02M343,The Peck Slip School,123,297874.02
02M135,The Urban Assembly School for Emergency Management,116,280921.84
02M527,PS 527 - East Side School for Social Action,92,222800.08
02M139,Stephen T. Mather Building Arts & Craftsmanship High School,85,205847.9
02M281,The River School,85,205847.9
02M586,Harvey Milk High School,75,181630.5
02M429,Legacy School for Integrated Studies,71,171943.54
03M485,Fiorello H. LaGuardia High School of Music & Art and Performing Arts,2730,6611350.2
03M479,Beacon High School,1276,3090140.24
03M087,P.S. 087 William Sherman,900,2179566
03M165,P.S. 165 Robert E. Simon,858,2077852.92
03M199,P.S. 199 Jessie Isador Straus,838,2029418.12
03M054,J.H.S. 054 Booker T. Washington,815,1973718.1
03M333,P.S. 333 Manhattan School for Children,771,1867161.54
03M009,P.S. 009 Sarah Anderson,648,1569287.52
03M163,P.S. 163 Alfred E. Smith,625,1513587.5
03M180,P.S. 180 Hugo Newman,614,1486948.36
03M075,P.S. 075 Emily Dickinson,607,1469996.18
03M166,P.S. 166 The Richard Rodgers School of The Arts and Technology,594,1438513.56
03M494,High School of Arts and Technology,588,1423983.12
03M334,The Anderson School,576,1394922.24
03M415,Wadleigh Secondary School for the Performing & Visual Arts,531,1285943.94
03M492,"High School for Law, Advocacy and Community Justice",531,1285943.94
03M505,Edward A. Reynolds West Side High School,522,1264148.28
03M084,P.S. 084 Lillian Weber,517,1252039.58
03M191,P.S. 191 Amsterdam,514,1244774.36
03M076,P.S. 076 A. Philip Randolph,498,1206026.52
03M403,The Global Learning Collaborative,480,1162435.2
03M541,Manhattan / Hunter Science High School,460,1114000.4
03M299,"High School for Arts, Imagination and Inquiry",435,1053456.9
03M860,Frederick Douglass Academy II Secondary School,429,1038926.46
03M245,M.S. M245 The Computer School,411,995335.14
03M145,"P.S. 145, The Bloomingdale School",407,985648.18
03M402,The Urban Assembly School for Green Careers,395,956587.3
03M307,"Urban Assembly School for Media Studies, The",387,937213.38
03M417,FRANK McCOURT HIGH SCHOOL,373,903309.02
03M862,Mott Hall II,345,835500.3
03M149,P.S. 149 Sojourner Truth,339,820969.86
03M258,Community Action School - MS 258,258,624808.92
03M243,M.S. 243 Center School,229,554578.46
03M185,P.S. 185 - The Early Childhood Discovery and Design Magnet School,224,542469.76
03M242,P.S. 242 - The Young Diplomats Magnet Academy,223,540048.02
03M452,P.S. 452,220,532782.8
03M421,West Prep Academy,214,518252.36
03M247,M.S. M247 Dual Language Middle School,195,472239.3
03M404,Innovation Diploma Plus,192,464974.08
03M859,Special Music School,191,462552.34
03M250,M.S. 250 West Side Collaborative Middle School,190,460130.6
03M208,P.S. 208 Alain L. Locke,164,397165.36
03M256,M.S. 256 Academic & Athletic Excellence,159,385056.66
03M283,Manhattan Theatre Lab High School,129,312404.46
03M241,STEM Institute of Manhattan,99,239752.26
04M435,Manhattan Center for Science and Mathematics,1588,3845723.12
04M057,James Weldon Johnson,843,2041526.82
04M171,P.S. 171 Patrick Henry,731,1770291.94
04M108,P.S. 108 Assemblyman Angelo Del Toro Educational Complex,676,1637096.24
04M012,Tag Young Scholars,533,1290787.42
04M096,P.S. 096 Joseph Lanzetta,506,1225400.44
04M072,The Lexington Academy,500,1210870
04M555,Central Park East High School,479,1160013.46
04M610,Young Women's Leadership School,464,1123687.36
04M083,P.S. 083 Luis Munoz Rivera,460,1114000.4
04M206,P.S. 206 Jose Celso Barbosa,442,1070409.08
04M372,ESPERANZA PREPARATORY ACADEMY,424,1026817.76
04M146,P.S. 146 Ann M. Short,420,1017130.8
04M495,Park East High School,409,990491.66
04M007,P.S. 007 Samuel Stern,391,946900.34
04M182,The Bilingual Bicultural School,379,917839.46
04M155,P.S. 155 William Paca,367,888778.58
04M112,P.S. 112 Jose Celso Barbosa,361,874248.14
04M680,"Heritage School, The",351,850030.74
04M375,Mosaic Preparatory Academy,331,801595.94
04M825,Isaac Newton Middle School for Math & Science,324,784643.76
04M102,P.S. 102 Jacques Cartier,317,767691.58
04M409,Coalition School for Social Change,311,753161.14
04M050,P.S. 050 Vito Marcantonio,304,736208.96
04M038,P.S. 38 Roberto Clemente,283,685352.42
04M964,Central Park East II,261,632074.14
04M037,River East Elementary,208,503721.92
04M497,Central Park East I,203,491613.22
04M224,M.S. 224 Manhattan East School for Arts & Academics,188,455287.12
04M406,Global Technology Preparatory,178,431069.72
04M377,Renaissance School of the Arts,160,387478.4
04M381,Global Neighborhood Secondary School,153,370526.22
04M013,J.H.S. 013 Jackie Robinson,107,259126.18
04M635,Academy of Environmental Science Secondary High School,17,41169.58
05M499,Frederick Douglass Academy,1489,3605970.86
05M161,P.S. 161 Pedro Albizu Campos,913,2211048.62
05M046,P.S. 046 Arthur Tappan,843,2041526.82
05M362,Columbia Secondary School,664,1608035.36
05M123,P.S. 123 Mahalia Jackson,602,1457887.48
05M670,Thurgood Marshall Academy for Learning and Social Change,572,1385235.28
05M129,P.S. 129 John H. Finley,562,1361017.88
05M036,P.S. 036 Margaret Douglas,528,1278678.72
05M200,P.S. 200- The James Mccune Smith School,501,1213291.74
05M692,"High School for Mathematics, Science and Engineering at City College",456,1104313.44
05M304,Mott Hall High School,425,1029239.5
05M175,P.S. 175 Henry H Garnet,377,912995.98
05M369,Urban Assembly School for the Performing Arts,354,857295.96
05M154,P.S. 154 Harriet Tubman,319,772535.06
05M367,Academy for Social Action: A College Board School,309,748317.66
05M514,New Design Middle School,309,748317.66
05M197,P.S. 197 John B. Russwurm,303,733787.22
05M030,P.S. 030 Hernandez/Hughes,295,714413.3
05M685,Bread & Roses Integrated Arts High School,274,663556.76
05M092,P.S. 092 Mary McLeod Bethune,262,634495.88
05M133,P.S. 133 Fred R Moore,251,607856.74
05M285,Harlem Renaissance High School,232,561843.68
05M318,Thurgood Marshall Academy Lower School,220,532782.8
05M194,P.S. 194 Countee Cullen,212,513408.88
05M302,KAPPA IV,197,477082.78
05M125,P.S. 125 Ralph Bunche,193,467395.82
05M469,Choir Academy of Harlem,179,433491.46
05M286,I.S. M286 Renaissance Leadership Academy,172,416539.28
05M517,Teachers College Community School,167,404430.58
05M410,The Urban Assembly Institute for New Technologies,96,232487.04
05M157,The Urban Assembly School for Global Commerce,82,198582.68
05M148,Eagle Academy for Young Men of Harlem,67,162256.58
06M540,A. Philip Randolph Campus High School,1360,3293566.4
06M189,P.S. 189,1123,2719614.02
06M153,P.S. 153 Adam Clayton Powell,876,2121444.24
06M028,P.S. 028 Wright Brothers,816,1976139.84
06M187,P.S./I.S. 187 Hudson Cliffs,778,1884113.72
06M004,P.S. 004 Duke Ellington,730,1767870.2
06M173,P.S. 173,695,1683109.3
06M467,High School for Law and Public Service,679,1644361.46
06M005,P.S. 005 Ellen Lurie,674,1632252.76
06M152,P.S. 152 Dyckman Valley,651,1576552.74
06M348,Washington Heights Expeditionary Learning School,650,1574131
06M319,M.S. 319 - Maria Teresa,637,1542648.38
06M132,P.S. 132 Juan Pablo Duarte,632,1530539.68
06M048,P.S. 048 P.O. Michael J. Buczek,624,1511165.76
06M468,High School for Health Careers and Sciences,624,1511165.76
06M128,P.S. 128 Audubon,603,1460309.22
06M098,P.S. 098 Shorac Kappock,602,1457887.48
06M346,Community Health Academy of the Heights,600,1453044
06M293,City College Academy of the Arts,593,1436091.82
06M115,P.S. 115 Alexander Humboldt,588,1423983.12
06M008,P.S. 008 Luis Belliard,560,1356174.4
06M462,The College Academy,546,1322270.04
06M052,J.H.S. 052 Inwood,533,1290787.42
06M278,Paula Hedbavny School,532,1288365.68
06M463,High School for Media and Communications,523,1266570.02
06M552,Gregorio Luperon High School for Science and Mathematics,491,1189074.34
06M210,P.S./I.S. 210 - Twenty-first Century Academy for Community Leadership,468,1133374.32
06M324,M.S. 324 - Patria Mirabal,450,1089783
06M143,J.H.S. 143 Eleanor Roosevelt,446,1080096.04
06M018,P.S. 018 Park Terrace,432,1046191.68
06M311,Amistad Dual Language School,432,1046191.68
06M366,Washington Heights Academy,425,1029239.5
06M322,Middle School 322,380,920261.2
06M192,P.S. 192 Jacob H. Schiff,353,854874.22
06M328,M.S. 328 - Manhattan Middle School for Scientific Inquiry,292,707148.08
06M223,The Mott Hall School,283,685352.42
06M325,P.S. 325,283,685352.42
06M326,M.S. 326 - Writers Today & Leaders Tomorrow,283,685352.42
06M314,Muscota,258,624808.92
06M218,I.S. 218 Salome Urena,255,617543.7
06M368,Hamilton Heights School,246,595748.04
06M178,Professor Juan Bosch Public School,244,590904.56
06M528,I.S. 528 Bea Fuller Rodgers School,226,547313.24
06M423,High School for Excellence and Innovation,223,540048.02
06M349,Harbor Heights,161,389900.14
06M513,Castle Bridge School,119,288187.06
06M103,Dos Puentes Elementary School,69,167100.06
07X029,P.S./M.S. 029 Melrose School,738,1787244.12
07X005,PS 5 Port Morris,701,1697639.74
07X001,P.S. 001 Courtlandt School,685,1658891.9
07X031,P.S./M.S. 031 The William Lloyd Garrison,681,1649204.94
07X049,P.S. 049 Willis Avenue,668,1617722.32
07X157,P.S. 157 Grove Hill,664,1608035.36
07X221,South Bronx Preparatory: A College Board School,644,1559600.56
07X551,The Urban Assembly Bronx Academy of Letters,584,1414296.16
07X670,Health Opportunities High School,577,1397343.98
07X548,Urban Assembly School for Careers in Sports,575,1392500.5
07X030,P.S. 030 Wilton,565,1368283.1
07X018,P.S. 018 John Peter Zenger,544,1317426.56
07X500,Hostos-Lincoln Academy of Science,537,1300474.38
07X043,P.S. 043 Jonas Bronck,536,1298052.64
07X161,P.S. 161 Ponce De Leon,526,1273835.24
07X527,Bronx Leadership Academy II High School,515,1247196.1
07X025,P.S. 025 Bilingual School,470,1138217.8
07X495,University Heights Secondary School,466,1128530.84
07X547,New Explorers High School,463,1121265.62
07X223,M.S. 223 The Laboratory School of Finance and Technology,451,1092204.74
07X065,P.S. 065 Mother Hale Academy,450,1089783
07X154,P.S. 154 Jonathan D. Hyatt,449,1087361.26
07X334,International Community High School,437,1058300.38
07X277,P.S. 277,435,1053456.9
07X522,Bronx Design and Construction Academy,429,1038926.46
07X162,J.H.S. 162 Lola Rodriguez De Tio,395,956587.3
07X600,Alfred E. Smith Career and Technical Education High School,390,944478.6
07X179,P.S. 179,384,929948.16
07X296,South Bronx Academy for Applied Media,377,912995.98
07X298,Academy of Public Relations,363,879091.62
07X473,Mott Haven Village Preparatory High School,344,833078.56
07X427,Community School for Social Justice,335,811282.9
07X224,P.S. / I.S. 224,327,791908.98
07X369,Young Leaders Elementary School,314,760426.36
07X343,Academy of Applied Mathematics and Technology,296,716835.04
07X151,J.H.S. 151 Lou Gehrig,275,665978.5
07X359,Concourse Village Elementary School,234,566687.16
07X385,Performance School,231,559421.94
07X655,Samuel Gompers Career and Technical Education High School,229,554578.46
07X557,Mott Haven Community High School,202,489191.48
07X520,Foreign Language Academy of Global Studies,189,457708.86
07X379,Jill Chaifetz Transfer High School,184,445600.16
07X203,M.S. 203,174,421382.76
07X381,Bronx Haven High School,172,416539.28
07X259,"H.E.R.O. High (Health, Education, and Research Occupations High School)",126,305139.24
07X321,Crotona Academy High School,105,254282.7
08X405,Herbert H. Lehman High School.,2059,4986362.66
08X071,P.S. 071 Rose E. Scala,1698,4112114.52
08X119,P.S. 119,1035,2506500.9
08X182,P.S. 182,986,2387835.64
08X152,P.S. 152 Evergreen,977,2366039.98
08X072,P.S. 072 Dr. William Dorney,896,2169879.04
08X048,P.S. 048 Joseph R. Drake,855,2070587.7
08X138,P.S. 138 Samuel Randall,842,2039105.08
08X062,P.S. 062 Inocensio Casanova,766,1855052.84
08X131,J.H.S. 131 Albert Einstein,726,1758183.24
08X036,P.S. 036 Unionport,704,1704904.96
08X140,P.S. X140 The Eagle School,647,1566865.78
08X367,"Archimedes Academy for Math, Science and Technology Applications",637,1542648.38
08X014,P.S. X014 Senator John Calandra,607,1469996.18
08X100,P.S. 100 Isaac Clason,596,1443357.04
08X302,M.S. 302 Luisa Dessus Cruz,590,1428826.6
08X069,P.S. 069 Journey Prep School,589,1426404.86
08X075,P.S. 75 School of Research and Discovery,579,1402187.46
08X304,P.S. 304 Early Childhood School,561,1358596.14
08X269,Bronx Studio School for Writers and Artists,540,1307739.6
08X107,P.S. 107,510,1235087.4
08X123,J.H.S. 123 James M. Kieran,505,1222978.7
08X130,P.S. 130 Abram Stevens Hewitt,496,1201183.04
08X312,Millennium Art Academy,496,1201183.04
08X101,M.S. X101 Edward R. Byrne,486,1176965.64
08X376,Antonia Pantoja Preparatory Academy: A College Board School,466,1128530.84
08X125,J.H.S. 125 Henry Hudson,462,1118843.88
08X146,P.S. 146 Edward Collins,461,1116422.14
08X293,Renaissance High School for Musical Theater & Technology,454,1099469.96
08X333,P.S. 333 - The Museum School,432,1046191.68
08X282,Women's Academy of Excellence,395,956587.3
08X093,P.S. 093 Albert G. Oliver,392,949322.08
08X530,Banana Kelly High School,364,881513.36
08X424,The Hunts Point School,361,874248.14
08X519,"Felisa Rincon de Gautier Institute for Law and Public Policy, The",341,825813.34
08X305,Pablo Neruda Academy for Architecture and World Studies,335,811282.9
08X337,The School for Inquiry and Social Justice,319,772535.06
08X650,Jane Addams High School for Academic Careers,319,772535.06
08X452,Bronx Guild,315,762848.1
08X432,BRONX BRIDGES HIGH SCHOOL,313,758004.62
08X448,Soundview Academy for Culture and Scholarship,305,738630.7
08X371,Urban Institute of Mathematics,290,702304.6
08X375,The Bronx Mathematics Preparatory School,284,687774.16
08X335,The Academy of the Arts,274,663556.76
08X467,Mott Hall Community School,262,634495.88
08X332,Holcombe L. Rucker School of Community Research,261,632074.14
08X558,Westchester Square Academy,251,607856.74
08X301,M.S. 301 Paul L. Dunbar,222,537626.28
08X537,Bronx Arena High School,214,518252.36
08X562,Blueprint Middle School,201,486769.74
08X377,Bronx Community High School,198,479504.52
08X561,Bronx Compass High School,195,472239.3
08X295,Gateway School for Environmental Research and Technology,167,404430.58
08X559,School for Tourism and Hospitality,161,389900.14
08X366,Urban Assembly Academy of Civic Engagement,160,387478.4
08X349,Bronx River High School,101,244595.74
08X320,Pelham Lab High School,95,230065.3
08X348,Schuylerville Preparatory High School,95,230065.3
08X540,School for Community Research and Learning,39,94447.86
09X070,P.S. 070 Max Schoenfeld,1388,3361375.12
09X053,P.S. 053 Basheer Quisim,1320,3196696.8
09X218,P.S./I.S. 218 Rafael Hernandez Dual Language Magnet School,930,2252218.2
09X114,P.S. X114 - Luis Llorens Torres Schools,877,2123865.98
09X073,P.S. 073 Bronx,872,2111757.28
09X109,P.S. 109 Sedgwick,819,1983405.06
09X199,P.S. 199X - The Shakespeare School,797,1930126.78
09X505,"Bronx School for Law, Government and Justice",773,1872005.02
09X011,P.S. 011 Highbridge,755,1828413.7
09X028,P.S. 028 Mount Hope,736,1782400.64
09X525,Bronx Leadership Academy High School,711,1721857.14
09X126,P.S. 126 Dr Marjorie H Dunbar,704,1704904.96
09X055,P.S. 055 Benjamin Franklin,684,1656470.16
09X035,P.S. 035 Franz Siegel,661,1600770.14
09X231,Eagle Academy for Young Men,645,1562022.3
09X117,I.S. 117 Joseph H. Wade,642,1554757.08
09X457,Sheridan Academy for Young Leaders,618,1496635.32
09X339,I.S. 339,606,1467574.44
09X241,"Urban Assembly School for Applied Math and Science, The",605,1465152.7
09X163,P.S. 163 Arthur A. Schomburg,589,1426404.86
09X063,P.S. 063 Author's Academy,588,1423983.12
09X204,P.S. 204 Morris Heights,583,1411874.42
09X022,J.H.S. 022 Jordan L. Mott,570,1380391.8
09X327,Comprehensive Model School Project M.S. 327,543,1315004.82
09X232,I.S. 232,542,1312583.08
09X443,The Family School,528,1278678.72
09X324,Bronx Early College Academy for Teaching & Learning,508,1230243.92
09X004,P.S./M.S. 004 Crotona Park West,507,1227822.18
09X323,Bronx Writing Academy,497,1203604.78
09X132,P.S. 132 Garret A. Morgan,492,1191496.08
09X110,P.S. 110 Theodore Schoenfeld,471,1140639.54
09X064,P.S. 064 Pura Belpre,470,1138217.8
09X413,Bronx High School for Medical Science,465,1126109.1
09X297,Morris Academy for Collaborative Studies,464,1123687.36
09X260,Bronx Center for Science and Mathematics,461,1116422.14
09X042,P.S. 042 Claremont,460,1114000.4
09X058,P.S. 058,456,1104313.44
09X449,Grant Avenue Elementary School,442,1070409.08
09X250,Eximius College Preparatory Academy: A College Board School,423,1024396.02
09X145,J.H.S. 145 Arturo Toscanini,418,1012287.32
09X454,Science and Technology Academy: A Mott Hall School,416,1007443.84
09X403,Bronx International High School,414,1002600.36
09X517,Frederick Douglass Academy III Secondary School,410,992913.4
09X236,P.S. 236 Langston Hughes,405,980804.7
09X404,School for Excellence,396,959009.04
09X313,I.S. 313 School of Leadership Development,382,925104.68
09X325,Urban Science Academy,381,922682.94
09X252,Mott Hall Bronx High School,379,917839.46
09X543,High School for Violin and Dance,378,915417.72
09X263,Validus Preparatory Academy: An Expeditionary Learning School,374,905730.76
09X219,I.S. 219 New Venture School,373,903309.02
09X128,Mott Hall III,363,879091.62
09X412,Bronx High School of Business,359,869404.66
09X227,Bronx Collegiate Academy,356,862139.44
09X329,DreamYard Preparatory School,345,835500.3
09X215,Kappa,335,811282.9
09X303,I.S. X303 Leadership & Community Service,325,787065.5
09X274,The New American Academy at Roberto Clemente State Park,312,755582.88
09X365,Academy for Language and Technology,301,728943.74
09X170,P.S. 170,283,685352.42
09X294,The Walton Avenue School,257,622387.18
09X414,Jonathan Levin High School for Media and Communications,249,603013.26
09X276,Leadership Institute,227,549734.98
09X088,P.S. X088 - S. Silverstein Little Sparrow School,214,518252.36
09X229,I.S. 229 Roland Patterson,208,503721.92
09X230,P.S. 230 Dr Roland N. Patterson,199,481926.26
09X555,Mount Eden Children's Academy,199,481926.26
09X328,New Millennium Business Academy Middle School,187,452865.38
09X568,Young Women's Leadership School of the Bronx,184,445600.16
09X564,Claremont International HS,171,414117.54
09X311,Lucero Elementary School,156,377791.44
09X361,The Highbridge Green School,143,346308.82
09X350,New Directions Secondary School,107,259126.18
09X239,"Urban Assembly Academy for History and Citizenship for Young Men, The",39,94447.86
10X445,Bronx High School of Science,3037,7354824.38
10X440,DeWitt Clinton High School,2746,6650098.04
10X086,P.S. 086 Kingsbridge Heights,1655,4007979.7
10X141,Riverdale / Kingsbridge Academy (Middle School / High School 141),1355,3281457.7
10X095,P.S. 095 Sheila Mencher,1329,3218492.46
10X046,P.S. 046 Edgar Allan Poe,1288,3119201.12
10X118,J.H.S. 118 William W. Niles,1201,2908509.74
10X094,P.S. 094 Kings College School,1198,2901244.52
10X008,P.S. 008 Issac Varian,1196,2896401.04
10X020,P.S. 20 P.O.George J. Werdan III,1101,2666335.74
10X033,P.S. 033 Timothy Dwight,1075,2603370.5
10X279,"P.S. 279 Captain Manuel Rivera, Jr.",1049,2540405.26
10X368,In-Tech Academy (M.S. / High School 368),1036,2508922.64
10X205,P.S. 205 Fiorello Laguardia,1025,2482283.5
10X085,P.S. 085 Great Expectations,1006,2436270.44
10X024,P.S. 024 Spuyten Duyvil,935,2264326.9
10X280,P.S./M.S. 280 Mosholu Parkway,872,2111757.28
10X009,P.S. 9 Ryer Avenue Elementary School,830,2010044.2
10X032,P.S. 032 Belmont,805,1949500.7
10X045,Thomas C. Giordano Middle School 45,797,1930126.78
10X244,The New School for Leadership and Journalism,781,1891378.94
10X310,P.S. 310 Marble Hill,767,1857474.58
10X306,P.S. 306,758,1835678.92
10X246,P.S. 246 Poe Center,747,1809039.78
10X091,P.S. 091 Bronx,734,1777557.16
10X007,P.S. 007 Kingsbridge,697,1687952.78
10X291,P.S. 291,678,1641939.72
10X056,P.S. 056 Norwood Heights,665,1610457.1
10X340,P.S. 340,653,1581396.22
10X081,P.S. 081 Robert J. Christen,647,1566865.78
10X037,P.S. X037 - Multiple Intelligence School,642,1554757.08
10X080,J.H.S. 080 The Mosholu Parkway,622,1506322.28
10X243,West Bronx Academy for the Future,611,1479683.14
10X023,P.S. 023 The New Children's School,601,1455465.74
10X225,Theatre Arts Production Company School,581,1407030.94
10X391,The Angelo Patri Middle School,575,1392500.5
10X237,"The Marie Curie School for Medicine, Nursing, and Health Professions",573,1387657.02
10X059,P.S. 059 The Community School of Technology,569,1377970.06
10X342,International School for Liberal Arts,543,1315004.82
10X549,Discovery High School,542,1312583.08
10X015,P.S. X015 Institute for Environmental Learning,528,1278678.72
10X226,P.S. 226,514,1244774.36
10X386,School for Environmental Citizenship,511,1237509.14
10X360,P.S. 360,501,1213291.74
10X433,High School for Teaching and the Professions,499,1208448.26
10X054,P.S. / I.S. 54,486,1176965.64
10X447,Creston Academy,471,1140639.54
10X374,Knowledge and Power Preparatory Academy International High School (Kappa),467,1130952.58
10X438,Fordham Leadership Academy for Business and Technology,460,1114000.4
10X477,Marble Hill High School for International Studies,447,1082517.78
10X268,Kingsbridge International High School,443,1072830.82
10X442,"Celia Cruz Bronx High School of Music, The",436,1055878.64
10X284,Bronx School of Law and Finance,435,1053456.9
10X546,Bronx Theatre High School,435,1053456.9
10X660,Grace Dodge Career and Technical Education High School,435,1053456.9
10X254,I.S. 254,434,1051035.16
10X213,Bronx Engineering and Technology Academy,420,1017130.8
10X434,Belmont Preparatory High School,410,992913.4
10X437,Fordham High School for the Arts,407,985648.18
10X307,Luisa Pineiro Fuentes School of Science and Discovery,404,978382.96
10X390,M.S. 390,403,975961.22
10X439,Bronx High School for Law and Community Service,403,975961.22
10X363,ACADEMY FOR PERSONAL LEADERSHIP AND EXCELLENCE,399,966274.26
10X207,P.S. 207,390,944478.6
10X696,High School of American Studies at Lehman College,387,937213.38
10X331,The Bronx School of Young Leaders,386,934791.64
10X396,P.S. 396,386,934791.64
10X003,P.S. 3 Raul Julia Micro Society,358,866982.92
10X459,East Fordham Academy for the Arts,356,862139.44
10X397,English Language Learners and International Support Preparatory Academy (ELLIS),335,811282.9
10X344,Ampark Neighborhood,332,804017.68
10X206,I.S. 206 Ann Mersereau,307,743474.18
10X382,"Elementary School for Math, Science, and Technology",297,719256.78
10X315,P.S. 315 Lab School,266,644182.84
10X228,Jonas Bronck Academy,258,624808.92
10X524,Crotona International High School,252,610278.48
10X209,P.S. 209,251,607856.74
10X051,P.S. 051 Bronx New School,242,586061.08
10X308,Bronx Dance Academy School,237,573952.38
10X319,Providing Urban Learners Success In Education High School,227,549734.98
10X565,High School for Energy and Technology,211,510987.14
10X159,P.S. 159 Luis Munoz Marin Biling,186,450443.64
10X475,John F. Kennedy High School,153,370526.22
10X264,Bronx Academy for Software Engineering (BASE),112,271234.88
10X351,Bronx Collaborative High School,90,217956.6
10X353,World View High School,71,171943.54
11X455,Harry S Truman High School,1911,4627945.14
11X083,P.S. 083 Donald Hertz,1685,4080631.9
11X105,P.S. 105 Sen Abraham Bernstein,1438,3482462.12
11X089,P.S. 089 Bronx,1416,3429183.84
11X194,PS/MS 194,1396,3380749.04
11X106,P.S. 106 Parkchester,1231,2981161.94
11X103,P.S. 103 Hector Fontanez,1106,2678444.44
11X076,P.S. 076 The Bennington School,1046,2533140.04
11X121,P.S. 121 Throop,1014,2455644.36
11X096,P.S. 096 Richard Rodgers,987,2390257.38
11X041,P.S. 041 Gun Hill Road,876,2121444.24
11X181,I.S. 181 Pablo Casals,873,2114179.02
11X180,M.S. 180 Dr. Daniel Hale Williams,864,2092383.36
11X078,P.S. 078 Anne Hutchinson,802,1942235.48
11X068,P.S. 068 Bronx,774,1874426.76
11X097,P.S. 097 Bronx,748,1811461.52
11X127,J.H.S. 127 The Castle Hill,745,1804196.3
11X111,P.S. 111 Seton Falls,734,1777557.16
11X144,J.H.S. 144 Michelangelo,713,1726700.62
11X021,P.S. 021 Philip H. Sheridan,696,1685531.04
11X153,P.S. 153 Helen Keller,669,1620144.06
11X288,Collegiate Institute for Math and Science,656,1588661.44
11X087,P.S. 087 Bronx,636,1540226.64
11X108,P.S. 108 Philip J. Abinanti,592,1433670.08
11X016,P.S. 016 Wakefield,561,1358596.14
11X275,High School of Computers and Technology,556,1346487.44
11X544,High School for Contemporary Arts,518,1254461.32
11X498,PS/MS 11X498 - VAN NEST ACADEMY,512,1239930.88
11X418,Bronx High School for the Visual Arts,509,1232665.66
11X019,P.S. 019 Judith K. Weiss,501,1213291.74
11X542,Pelham Preparatory Academy,480,1162435.2
11X265,Bronx Lab School,476,1152748.24
11X178,P.S. 178 - Dr. Selman Waksman,474,1147904.76
11X299,Astor Collegiate Academy,474,1147904.76
11X290,Bronx Academy of Health Careers,461,1116422.14
11X112,P.S. 112 Bronxwood,451,1092204.74
11X270,Academy for Scholarship and Entrepreneurship: A College Board School,437,1058300.38
11X169,BAYCHESTER ACADEMY,428,1036504.72
11X514,The Bronxwood Preparatory Academy,414,1002600.36
11X253,Bronx High School for Writing and Communication Arts,413,1000178.62
11X326,Bronx Green Middle School,404,978382.96
11X545,Bronx Aerospace High School,404,978382.96
11X513,New World High School,401,971117.74
11X160,P.S. 160 Walt Disney,383,927526.42
11X189,Cornerstone Academy for Social Action,371,898465.54
11X249,Bronx Health Sciences High School,345,835500.3
11X529,One World Middle School at Edenwald,341,825813.34
11X508,Bronxdale High School,332,804017.68
11X289,The Young Scholars Academy of The Bronx,327,791908.98
11X175,P.S. 175 City Island,325,787065.5
11X468,Pelham Academy of Academics and Community Engagement,320,774956.8
11X566,Pelham Gardens Middle School,301,728943.74
11X272,Globe School for Environmental Research,293,709569.82
11X370,School of Diplomacy,285,690195.9
11X532,Baychester Middle School,280,678087.2
11X556,Bronx Park Middle School,259,627230.66
11X509,High School of Language and Innovation,255,617543.7
11X287,The Forward School,250,605435
11X462,Cornerstone Academy for Social Action Middle School (CASA),247,598169.78
11X142,MS 142 John Philip Sousa,192,464974.08
11X415,Christopher Columbus High School,175,423804.5
11X355,Bronx Alliance Middle School,101,244595.74
11X567,Linden Tree Elementary School,98,237330.52
11X322,Aspire Preparatory Middle School,96,232487.04
11X357,Young Voices Academy of the Bronx,91,220378.34
11X541,Global Enterprise High School,37,89604.38
12X047,P.S. 047 John Randolph,1130,2736566.2
12X214,P.S. 214,1028,2489548.72
12X196,P.S. 196,934,2261905.16
12X195,P.S. 195,929,2249796.46
12X150,P.S. 150 Charles James Fox,925,2240109.5
12X134,P.S. 134 George F. Bristow,727,1760604.98
12X067,P.S. 067 Mohegan School,703,1702483.22
12X066,P.S. 066 School of Higher Expectations,665,1610457.1
12X242,Mott Hall V,651,1576552.74
12X211,P.S. 211,637,1542648.38
12X006,P.S. 006 West Farms,616,1491791.84
12X271,East Bronx Academy for the Future,609,1474839.66
12X300,The School of Science and Applied Learning,602,1457887.48
12X057,P.S. 057 Crescent,558,1351330.92
12X372,Urban Assembly School for Wildlife Conservation,552,1336800.48
12X684,Wings Academy,534,1293209.16
12X267,Bronx Latin,523,1266570.02
12X129,M.S. 129 Academy for Independent Learning and Leadership,515,1247196.1
12X092,P.S. 092 Bronx,506,1225400.44
12X212,P.S. 212,497,1203604.78
12X682,Fannie Lou Hamer Freedom High School,493,1193917.82
12X692,Monroe Academy for Visual Arts & Design,460,1114000.4
12X531,Archer Elementary School,427,1034082.98
12X388,Pan American International High School at Monroe,401,971117.74
12X550,High School of World Cultures,388,939635.12
12X691,Bronx Little School,372,900887.28
12X251,Explorations Academy,357,864561.18
12X061,P.S. 061 Francisco Oller,355,859717.7
12X217,School of Performing Arts,351,850030.74
12X536,PS 536,351,850030.74
12X044,P.S. 044 David C. Farragut,341,825813.34
12X316,Kappa III,338,818548.12
12X318,"I.S. X318 Math, Science & Technology Through Arts",334,808861.16
12X479,Bronx Career and College Preparatory High School,323,782222.02
12X478,THE CINEMA SCHOOL,318,770113.32
12X521,The Metropolitan Soundview High School,316,765269.84
12X098,J.H.S. 098 Herman Ridder,315,762848.1
12X463,Urban Scholars Community School,314,760426.36
12X248,"Metropolitan High School, The",313,758004.62
12X384,Entrada Academy,312,755582.88
12X273,Frederick Douglass Academy V. Middle School,258,624808.92
12X480,Bronx Regional High School,255,617543.7
12X190,E.S.M.T- I.S. 190,253,612700.22
12X286,Fannie Lou Hamer Middle School,251,607856.74
12X383,Emolior Academy,249,603013.26
12X511,Bronx Envision Academy,239,578795.86
12X446,Arturo A. Schomburg Satellite Academy Bronx,226,547313.24
12X314,Fairmont Neighborhood School,221,535204.54
12X278,Peace and Diversity Academy,189,457708.86
12X050,P.S. 050 Clara Barton,187,452865.38
12X341,Accion Academy,176,426226.24
12X102,P.S. 102 Joseph O. Loretan,119,288187.06
12X690,Monroe Academy for Business/Law,56,135617.44
12X262,Performance Conservatory High School,23,55700.02
Total amount owed to District 12 ,,,57448516.28
,,,
13K430,Brooklyn Technical High School,5458,13217856.92
13K282,P.S. 282 Park Slope,1004,2431426.96
13K670,Benjamin Banneker Academy,907,2196518.18
13K008,P.S. 008 Robert Fulton,848,2053635.52
13K011,P.S. 011 Purvis J. Behan,733,1775135.42
13K009,P.S. 009 Teunis G. Bergen,722,1748496.28
13K113,M.S. 113 Ronald Edmonds Learning Center,718,1738809.32
13K605,George Westinghouse Career and Technical Education High School,702,1700061.48
13K499,ACORN Community High School,623,1508744.02
13K419,"Science Skills Center High School for Science, Technology and the Creative Arts",537,1300474.38
13K003,P.S. 003 The Bedford Village,513,1242352.62
13K527,Urban Assembly Institute of Math and Science for Young Women,508,1230243.92
13K265,Dr. Susan S. McKinney Secondary School of the Arts,503,1218135.22
13K492,Academy of Arts and Letters,490,1186652.6
13K133,P.S. 133 William A. Butler,465,1126109.1
13K674,"City Polytechnic High School of Engineering, Architecture, and Technology",451,1092204.74
13K483,The Urban Assembly School for Law and Justice,449,1087361.26
13K046,P.S. 046 Edward C. Blum,417,1009865.58
13K412,"Brooklyn Community High School of Communication, Arts and Media",401,971117.74
13K350,Urban Assembly High School of Music and Art,394,954165.56
13K307,P.S. 307 Daniel Hale Williams,370,896043.8
13K595,Bedford Academy High School,361,874248.14
13K256,P.S. 256 Benjamin Banneker,355,859717.7
13K439,Brooklyn International High School,343,830656.82
13K093,P.S. 093 William H. Prescott,338,818548.12
13K020,P.S. 020 Clinton Hill,321,777378.54
13K044,P.S. 044 Marcus Garvey,287,695039.38
13K067,P.S. 067 Charles A. Dorsey,276,668400.24
13K691,Fort Greene Preparatory Academy,257,622387.18
13K054,P.S. 054 Samuel C. Barnes,251,607856.74
13K056,P.S. 056 Lewis H. Latimer,236,571530.64
13K616,Brooklyn High School for Leadership and Community Service,233,564265.42
13K305,P.S. 305 Dr. Peter Ray,219,530361.06
13K287,P.S. 287 Bailey K. Ashford,215,520674.1
13K301,Satellite East Middle School,164,397165.36
13K553,Brooklyn Academy High School,160,387478.4
13K270,P.S. 270 Johann DeKalb,159,385056.66
13K266,M.S. K266 - Park Place Community Middle School,144,348730.56
13K351,The Urban Assembly Unison School,139,336621.86
13K575,Bedford Stuyvesant Preparatory High School,123,297874.02
13K313,Satellite West Middle School,119,288187.06
13K596,MS 596 Peace Academy,88,213113.12
13K103,Satellite Three,58,140460.92
14K318,I.S. 318 Eugenio Maria De Hostos,1632,3952279.68
14K474,PROGRESS High School for Professional Careers,1083,2622744.42
14K478,"The High School for Enterprise, Business and Technology",1016,2460487.84
14K071,Juan Morel Campos Secondary School,778,1884113.72
14K132,P.S. 132 The Conselyea School,775,1876848.5
14K250,P.S. 250 George H. Lindsay,769,1862318.06
14K561,Williamsburg Preparatory School,671,1624987.54
14K380,P.S. 380 John Wayne Elementary,664,1608035.36
14K257,P.S. 257 John F. Hylan,660,1598348.4
14K477,School for Legal Studies,641,1552335.34
14K084,P.S. 084 Jose De Diego,616,1491791.84
14K031,P.S. 031 Samuel F. Dupont,596,1443357.04
14K449,"Brooklyn Latin School, The",592,1433670.08
14K558,Williamsburg High School for Architecture and Design,579,1402187.46
14K157,P.S. 157 Benjamin Franklin,558,1351330.92
14K034,P.S. 034 Oliver H. Perry,552,1336800.48
14K586,Lyons Community School,546,1322270.04
14K577,Conselyea Preparatory School,498,1206026.52
14K488,Brooklyn Preparatory High School,489,1184230.86
14K120,P.S. 120 Carlos Tapia,467,1130952.58
14K610,Automotive High School,420,1017130.8
14K110,P.S. 110 The Monitor,375,908152.5
14K059,P.S. 059 William Floyd,374,905730.76
14K196,P.S. 196 Ten Eyck,358,866982.92
14K614,Young Women's Leadership School of Brooklyn,351,850030.74
14K017,P.S. 017 Henry D. Woodworth,334,808861.16
14K414,Brooklyn Arbor Elementary School,334,808861.16
14K454,Green School: An Academy for Environmental Careers,328,794330.72
14K147,P.S. 147 Isaac Remsen,313,758004.62
14K050,J.H.S. 050 John D. Wells,306,741052.44
14K023,P.S. 023 Carter G. Woodson,276,668400.24
14K582,M.S. 582,272,658713.28
14K297,P.S. 297 Abraham Stockton,271,656291.54
14K126,John Ericsson Middle School 126,265,641761.1
14K016,P.S. 016 Leonard Dunkly,249,603013.26
14K685,El Puente Academy for Peace and Justice,225,544891.5
14K018,P.S. 018 Edward Bush,197,477082.78
14K632,Frances Perkins Academy,157,380213.18
14K319,P.S. 319,152,368104.48
14K019,P.S. 019 Roberto Clemente,113,273656.62
14K322,Foundations Academy,110,266391.4
14K330,The Urban Assembly School for the Urban Environment,84,203426.16
15K169,P.S. 169 Sunset Park,1636,3961966.64
15K094,P.S. 094 The Henry Longfellow,1519,3678623.06
15K321,P.S. 321 William Penn,1480,3584175.2
15K230,P.S. 230 Doris L. Cohen,1355,3281457.7
15K667,Sunset Park High School,1309,3170057.66
15K001,P.S. 001 The Bergen,1277,3092561.98
15K088,J.H.S. 088 Peter Rouget,1206,2920618.44
15K131,P.S. 131 Brooklyn,1117,2705083.58
15K051,M.S. 51 William Alexander,1116,2702661.84
15K058,P.S. 058 The Carroll,944,2286122.56
15K010,"Magnet School of Math, Science and Design Technology",921,2230422.54
15K261,P.S. 261 Philip Livingston,817,1978561.58
15K656,Brooklyn High School of the Arts,815,1973718.1
15K029,P.S. 029 John M. Harrigan,803,1944657.22
15K024,P.S. 024,699,1692796.26
15K130,P.S. 130 The Parkside,698,1690374.52
15K448,Brooklyn Secondary School for Collaborative Studies,670,1622565.8
15K146,P.S. 146,664,1608035.36
15K172,P.S. 172 Beacon School of Excellence,612,1482104.88
15K107,P.S. 107 John W. Kimball,578,1399765.72
15K519,Cobble Hill School of American Studies,571,1382813.54
15K154,The Windsor Terrace School,546,1322270.04
15K443,New Voices School of Academic & Creative Arts,531,1285943.94
15K821,Sunset Park Prep,528,1278678.72
15K447,The Math & Science Exploratory School,514,1244774.36
15K295,P.S. 295,509,1232665.66
15K038,P.S. 038 The Pacific,504,1220556.96
15K136,I.S. 136 Charles O. Dewey,487,1179387.38
15K497,School for International Studies,479,1160013.46
15K032,P.S. 032 Samuel Mills Sprole,424,1026817.76
15K015,P.S. 015 Patrick F. Daly,392,949322.08
15K462,Secondary School for Law,389,942056.86
15K039,P.S. 039 Henry Bristow,387,937213.38
15K684,Millennium Brooklyn HS,387,937213.38
15K464,Park Slope Collegiate,379,917839.46
15K124,P.S. 124 Silas B. Dutcher,321,777378.54
15K429,Brooklyn School for Global Studies,275,665978.5
15K463,Secondary School for Journalism,271,656291.54
15K676,Red Hook Neighborhood School,223,540048.02
15K529,West Brooklyn Community High School,215,520674.1
15K442,M.S. 442 Carroll Gardens School for Innovation,193,467395.82
15K423,Brooklyn Frontiers High School,169,409274.06
15K698,South Brooklyn Community High School,163,394743.62
15K592,Khalil Gibran International Academy,97,234908.78
15K118,The Maurice Sendak Community School,82,198582.68
15K516,Sunset Park Avenues Elementary School,74,179208.76
15K530,Metropolitan Corporate Academy High School,31,75073.94
16K455,Boys and Girls High School,940,2276435.6
16K021,P.S. 021 Crispus Attucks,648,1569287.52
16K498,Brooklyn High School for Law and Technology,518,1254461.32
16K262,P.S. 262 El Hajj Malik El Shabazz Elementary School,504,1220556.96
16K308,P.S. 308 Clara Cardwell,461,1116422.14
16K081,P.S. 081 Thaddeus Stevens,383,927526.42
16K335,P.S. 335 Granville T. Woods,375,908152.5
16K040,P.S. 040 George W. Carver,337,816126.38
16K005,P.S. 005 Dr. Ronald Mcnair,312,755582.88
16K267,"M.S. 267 Math, Science & Technology",291,704726.34
16K309,P.S. 309 The George E. Wibecan Preparatory Academy,288,697461.12
16K243,P.S. 243K- The Weeksville School,286,692617.64
16K026,P.S. 026 Jesse Owens,254,615121.96
16K594,Gotham Professional Arts Academy,242,586061.08
16K028,P.S. 028 The Warren Prep Academy,240,581217.6
16K025,P.S. 025 Eubie Blake School,235,569108.9
16K628,Brooklyn Brownstone School,222,537626.28
16K057,J.H.S. 057 Whitelaw Reid,213,515830.62
16K035,M.S. 035 Stephen Decatur,206,498878.44
16K636,Young Scholars' Academy for Discovery and Exploration,188,455287.12
16K681,Madiba Prep Middle School,165,399587.1
16K393,Frederick Douglass Academy IV Secondary School,155,375369.7
16K534,Upper School @ P.S. 25,151,365682.74
16K627,Brighter Choice Community School,149,360839.26
16K688,The Brooklyn Academy of Global Finance,148,358417.52
16K669,Research and Service High School,140,339043.6
16K584,M.S. 584,128,309982.72
16K385,"School of Business, Finance and Entrepreneurship",113,273656.62
17K600,Clara Barton High School,1525,3693153.5
17K590,Medgar Evers College Preparatory School,1248,3022331.52
17K189,P.S. 189 Lincoln Terrace,1188,2877027.12
17K181,P.S. 181 Brooklyn,1044,2528296.56
17K249,P.S. 249 The Caton,907,2196518.18
17K061,M.S. 061 Dr. Gladstone H. Atwell,779,1886535.46
17K006,P.S. 006,714,1729122.36
17K138,P.S. 138 Brooklyn,708,1714591.92
17K241,P.S. 241 Emma L. Johnston,657,1591083.18
17K394,M.S. K394,631,1528117.94
17K246,M.S. 246 Walt Whitman,603,1460309.22
17K161,P.S. 161 The Crown,537,1300474.38
17K382,Academy for College Preparation and Career Exploration: A College Board School,532,1288365.68
17K543,"Science, Technology and Research Early College High School at Erasmus",532,1288365.68
17K289,P.S. 289 George V. Brower,515,1247196.1
17K375,P.S. 375 Jackie Robinson School,514,1244774.36
17K399,P.S. 399 Stanley Eugene Clark,504,1220556.96
17K092,P.S. 092 Adrian Hegeman,493,1193917.82
17K091,P.S. 091 The Albany Avenue School,483,1169700.42
17K002,Parkside Preparatory Academy,479,1160013.46
17K547,Brooklyn Academy of Science and the Environment,477,1155169.98
17K221,P.S. 221 Toussaint L'Ouverture,450,1089783
17K546,High School for Public Service: Heroes of Tomorrow,439,1063143.86
17K539,High School for Service & Learning at Erasmus,434,1051035.16
17K524,International High School at Prospect Heights,421,1019552.54
17K531,"School for Human Rights, The",416,1007443.84
17K548,Brooklyn School for Music & Theatre,399,966274.26
17K398,P.S. 398 Walter Weaver,383,927526.42
17K537,High School for Youth and Community Development at Erasmus,347,840343.78
17K397,P.S. 397 Foster-Laurie,345,835500.3
17K122,Pathways in Technology Early College High School (P-Tech),330,799174.2
17K533,School for Democracy and Leadership,330,799174.2
17K751,Academy for Health Careers,314,760426.36
17K316,P.S. 316 Elijah Stroud,308,745895.92
17K408,Academy of Hospitality and Tourism,303,733787.22
17K352,Ebbets Field Middle School,298,721678.52
17K705,Brooklyn Arts and Science Elementary School,268,649026.32
17K353,Elijah Stroud Middle School,263,636917.62
17K528,The High School for Global Citizenship,256,619965.44
17K770,P.S. 770 New American Academy,253,612700.22
17K532,New Bridges Elementary,245,593326.3
17K354,The School of Integrated Learning,240,581217.6
17K722,New Heights Middle School,233,564265.42
17K191,P.S. 191 Paul Robeson,223,540048.02
17K012,Dr. Jacqueline Peek-Davis School,211,510987.14
17K340,I.S. 340,208,503721.92
17K568,Brownsville Academy High School,205,496456.7
17K745,Brooklyn Institute for Liberal Arts,170,411695.8
17K167,P.S. 167 The Parkway,168,406852.32
17K334,Middle School for Academic and Social Excellence,168,406852.32
17K484,Ronald Edmonds Learning Center II,148,358417.52
17K489,W.E.B. Dubois Academic High School,131,317247.94
17K587,Middle School for the Arts,93,225221.82
17K544,International Arts Business School,92,222800.08
17K625,Paul Robeson High School,42,101713.08
17K022,P.S. 022,24,58121.76
18K235,P.S. 235 Lenox School,1234,2988427.16
18K115,P.S. 115 Daniel Mucatel School,1172,2838279.28
18K285,I.S. 285 Meyer Levin,914,2213470.36
18K066,P.S. 66,777,1881691.98
18K276,P.S. 276 Louis Marshall,761,1842944.14
18K068,I.S. 068 Isaac Bildersee,734,1777557.16
18K244,P.S. 244 Richard R. Green,704,1704904.96
18K211,I.S. 211 John Wilson,703,1702483.22
18K135,P.S. 135 Sheldon A. Brookner,680,1646783.2
18K114,P.S. 114 Ryder Elementary,626,1516009.24
18K272,P.S. 272 Curtis Estabrook,574,1390078.76
18K219,P.S. 219 Kennedy-King,561,1358596.14
18K233,P.S. 233 Langston Hughes,544,1317426.56
18K279,P.S. 279 Herman Schreiber,532,1288365.68
18K563,It Takes a Village Academy,513,1242352.62
18K208,P.S. 208 Elsa Ebeling,479,1160013.46
18K268,P.S. 268 Emma Lazarus,459,1111578.66
18K633,High School for Medical Professions,441,1067987.34
18K567,Brooklyn Theatre Arts High School,401,971117.74
18K366,THE SCIENCE AND MEDICINE MIDDLE SCHOOL,389,942056.86
18K576,Victory Collegiate High School,332,804017.68
18K588,Middle School for Art and Philosophy,330,799174.2
18K617,High School for Innovation in Advertising and Media,313,758004.62
18K598,Middle School of Marketing and Legal Studies,312,755582.88
18K642,Urban Action Academy,312,755582.88
18K629,Cultural Academy for the Arts and Sciences,309,748317.66
18K589,Arts & Media Preparatory Academy,298,721678.52
18K566,Brooklyn Generation School,297,719256.78
18K569,Kurt Hahn Expeditionary Learning School,288,697461.12
18K637,Academy for Conservation and the Environment,280,678087.2
18K581,East Flatbush Community Research School,241,583639.34
18K635,Olympus Academy,192,464974.08
18K673,East Brooklyn Community High School,187,452865.38
18K578,Brooklyn Bridge Academy,179,433491.46
19K615,Transit Tech Career and Technical Education High School,1167,2826170.58
19K007,P.S. 007 Abraham Lincoln,1073,2598527.02
19K214,P.S. 214 Michael Friedsam,991,2399944.34
19K108,P.S. 108 Sal Abbracciamento,891,2157770.34
19K159,P.S. 159 Isaac Pitkin,854,2068165.96
19K171,I.S. 171 Abraham Lincoln,780,1888957.2
19K149,P.S. 149 Danny Kaye,739,1789665.86
19K292,J.H.S. 292 Margaret S. Douglas,727,1760604.98
19K345,P.S. 345 Patrolman Robert Bolden,689,1668578.86
19K202,P.S. 202 Ernest S. Jenkyns,683,1654048.42
19K306,P.S. 306 Ethan Allen,672,1627409.28
19K346,P.S. 346 Abe Stark,672,1627409.28
19K065,P.S. 065,644,1559600.56
19K224,P.S. 224 Hale A. Woodruff,595,1440935.3
19K290,P.S. 290 Juan Morel Campos,574,1390078.76
19K677,East New York Elementary School of Excellence,556,1346487.44
19K158,P.S. 158 Warwick,552,1336800.48
19K302,J.H.S. 302 Rafael Cordero,546,1322270.04
19K404,Academy for Young Writers,502,1215713.48
19K013,P.S. 013 Roberto Clemente,494,1196339.56
19K218,J.H.S. 218 James P. Sinnott,488,1181809.12
19K409,East New York Family Academy,468,1133374.32
19K660,W. H. Maxwell Career and Technical Education High School,463,1121265.62
19K089,P.S. 089 Cypress Hills,446,1080096.04
19K213,P.S. 213 New Lots,440,1065565.6
19K618,Academy of Innovative Technology,440,1065565.6
19K507,Performing Arts and Technology High School,428,1036504.72
19K328,P.S. 328 Phyllis Wheatley,385,932369.9
19K659,Cypress Hills Collegiate Preparatory School,370,896043.8
19K364,I.S. 364 Gateway,369,893622.06
19K639,Brooklyn Lab School,364,881513.36
19K504,High School for Civil Rights,349,845187.26
19K273,P.S. 273 Wortman,340,823391.6
19K583,Multicultural High School,322,779800.28
19K510,World Academy for Total Community Health High School,309,748317.66
19K683,"The School for Classics: An Academy of Thinkers, Writers and Peformers",309,748317.66
19K502,FDNY High School for Fire and Life Safety,296,716835.04
19K452,Frederick Douglass Academy VIII Middle School,294,711991.56
19K678,East New York Middle School of Excellence,242,586061.08
19K166,J.H.S. 166 George Gershwin,234,566687.16
19K174,P.S. 174 Dumont,222,537626.28
19K190,P.S. 190 Sheffield,201,486769.74
19K325,The Fresh Creek School,198,479504.52
19K557,Brooklyn Gardens Elementary School,175,423804.5
19K422,Spring Creek Community School,169,409274.06
19K311,Essence School,149,360839.26
19K662,Liberty Avenue Middle School,140,339043.6
19K654,Van Siclen Community Middle School,118,285765.32
19K661,Vista Academy,114,276078.36
19K663,School of the Future Brooklyn,76,184052.24
19K260,P.S. 260 Breuckelen,28,67808.72
20K490,Fort Hamilton High School,4317,10454651.58
20K445,New Utrecht High School,3362,8141889.88
20K505,Franklin Delano Roosevelt High School,3130,7580046.2
20K105,P.S. 105 The Blythebourne,1770,4286479.8
20K201,J.H.S. 201 The Dyker Heights,1437,3480040.38
20K259,J.H.S. 259 William Mckinley,1427,3455822.98
20K176,P.S. 176 Ovington,1414,3424340.36
20K220,J.H.S. 220 John J. Pershing,1400,3390436
20K102,P.S. 102 The Bayview,1352,3274192.48
20K200,P.S. 200 Benson School,1335,3233022.9
20K227,J.H.S. 227 Edward B. Shallow,1314,3182166.36
20K485,High School of Telecommunication Arts and Technology,1313,3179744.62
20K062,J.H.S. 062 Ditmas,1297,3140996.78
20K160,P.S. 160 William T. Sampson,1254,3036861.96
20K104,P.S./I.S. 104 The Fort Hamilton School,1181,2860074.94
20K204,P.S. 204 Vince Lombardi,1166,2823748.84
20K180,The SEEALL Academy,1153,2792266.22
20K229,P.S. 229 Dyker,1149,2782579.26
20K205,P.S. 205 Clarion,1098,2659070.52
20K503,PS 503: The School of Discovery,1029,2491970.46
20K179,P.S. 179 Kensington,993,2404787.82
20K187,The Christa McAuliffe School\I.S. 187,970,2349087.8
20K186,P.S. 186 Dr. Irving A Gladstone,958,2320026.92
20K223,J.H.S. 223 The Montauk,942,2281279.08
20K170,Ralph A. Fabrizio School,936,2266748.64
20K069,P.S. 69 Vincent D. Grippo School,867,2099648.58
20K506,P.S. 506: The School of Journalism & Technology,807,1954344.18
20K247,P.S. 247 Brooklyn,796,1927705.04
20K185,P.S. 185 Walter Kassenbrock,723,1750918.02
20K163,P.S. 163 Bath Beach,625,1513587.5
20K048,P.S. 048 Mapleton,623,1508744.02
20K192,P.S. 192 - The Magnet School for Math and Science Inquiry,617,1494213.58
20K164,P.S. 164 Caesar Rodney,543,1315004.82
20K112,P.S. 112 Lefferts Park,530,1283522.2
20K127,P.S. 127 Mckinley Park,518,1254461.32
20K030,PS/IS 30 Mary White Ovington,510,1235087.4
20K748,P.S. 748 Brooklyn School for Global Scholars,496,1201183.04
20K609,Urban Assembly School for Criminal Justice,485,1174543.9
20K310,P.S. 310,389,942056.86
20K686,Brooklyn School of Inquiry,378,915417.72
20K264,P.S. 264 BAY RIDGE ELEMENTARY SCHOOL FOR THE ARTS,362,876669.88
20K682,The Academy of Talented Scholars,344,833078.56
20K971,"School of Math, Science, and Healthy Living",288,697461.12
21K525,Edward R. Murrow High School,4021,9737816.54
21K410,Abraham Lincoln High School,2313,5601484.62
21K540,John Dewey High School,1937,4690910.38
21K098,I.S. 98 Bay Academy,1367,3310518.58
21K239,Mark Twain I.S. 239 for the Gifted & Talented,1312,3177322.88
21K281,I.S. 281 Joseph B Cavallaro,1177,2850387.98
21K228,I.S. 228 David A. Boody,1048,2537983.52
21K226,P.S. 226 Alfred De B.Mason,995,2409631.3
21K095,P.S. 095 The Gravesend,964,2334557.36
21K215,P.S. 215 Morris H. Weiss,959,2322448.66
21K177,P.S. 177 The Marlboro,952,2305496.48
21K225,P.S. K225 - The Eileen E. Zaglin,907,2196518.18
21K690,Brooklyn Studio Secondary School,902,2184409.48
21K101,P.S. 101 The Verrazano,882,2135974.68
21K099,P.S. 099 Isaac Asimov,851,2060900.74
21K097,P.S. 97 The Highlawn,824,1995513.76
21K253,P.S. 253,806,1951922.44
21K100,P.S. 100 The Coney Island School,724,1753339.76
21K096,I.S. 096 Seth Low,711,1721857.14
21K209,P.S. 209 Margaret Mead,696,1685531.04
21K212,P.S. 212 Lady Deborah Moody,678,1641939.72
21K620,William E. Grady Career and Technical Education High School,636,1540226.64
21K216,P.S. 216 Arturo Toscanini,623,1508744.02
21K090,P.S. 90 Edna Cohen School,620,1501478.8
21K303,I.S. 303 Herbert S. Eisenberg,566,1370704.84
21K468,Kingsborough Early College School,551,1334378.74
21K238,P.S. 238 Anne Sullivan,550,1331957
21K153,P.S. 153 Homecrest,546,1322270.04
21K188,P.S. 188 Michael E. Berdy,540,1307739.6
21K344,Rachel Carson High School for Coastal Studies,517,1252039.58
21K199,P.S. 199 Frederick Wachtel,481,1164856.94
21K288,P.S. 288 The Shirley Tanyhill,451,1092204.74
21K329,P.S. 329 Surfside,443,1072830.82
21K128,P.S. 128 Bensonhurst,410,992913.4
21K121,P.S. 121 Nelson A. Rockefeller,378,915417.72
21K337,International High School at Lafayette,345,835500.3
21K348,High School of Sports Management,323,782222.02
21K572,Expeditionary Learning School for Community Leaders,276,668400.24
21K559,Life Academy High School for Film and Music,260,629652.4
21K728,Liberation Diploma Plus,196,474661.04
22K405,Midwood High School,3877,9389085.98
22K425,James Madison High School,3055,7398415.7
22K234,J.H.S. 234 Arthur W. Cunningham,1863,4511701.62
22K206,P.S. 206 Joseph F Lamb,1393,3373483.82
22K217,P.S. 217 Colonel David Marcus School,1302,3153105.48
22K207,P.S. 207 Elizabeth G. Leary,1272,3080453.28
22K495,Sheepshead Bay High School,1124,2722035.76
22K278,J.H.S. 278 Marine Park,1073,2598527.02
22K535,Leon M. Goldstein High School for the Sciences,1046,2533140.04
22K139,P.S. 139 Alexine A. Fenty,1041,2521031.34
22K240,Andries Hudde,916,2218313.84
22K078,J.H.S. 078 Roy H. Mann,914,2213470.36
22K312,P.S. 312 Bergen Beach,909,2201361.66
22K152,School of Science & Technology,901,2181987.74
22K193,P.S. 193 Gil Hodges,873,2114179.02
22K255,P.S. 255 Barbara Reing School,868,2102070.32
22K222,P.S. 222 Katherine R. Snyder,865,2094805.1
22K315,P.S. K315,841,2036683.34
22K052,P.S. 052 Sheepshead Bay,789,1910752.86
22K203,P.S. 203 Floyd Bennett School,775,1876848.5
22K254,P.S. 254 Dag Hammarskjold,700,1695218
22K361,P.S. 361 East Flatbush Early Childhood School,643,1557178.82
22K555,Brooklyn College Academy,618,1496635.32
22K236,P.S. 236 Mill Basin,581,1407030.94
22K251,P.S. 251 Paerdegat,573,1387657.02
22K014,J.H.S. 014 Shell Bank,558,1351330.92
22K197,P.S. 197 - The Kings Highway Academy,553,1339222.22
22K109,P.S. 109,551,1334378.74
22K134,P.S. K134,534,1293209.16
22K198,P.S. 198 Brooklyn,513,1242352.62
22K277,P.S. 277 Gerritsen Beach,461,1116422.14
22K195,P.S. 195 Manhattan Beach,459,1111578.66
22K194,P.S. 194 Raoul Wallenberg,455,1101891.7
22K119,P.S. 119 Amersfort,422,1021974.28
22K269,P.S. 269 Nostrand,397,961430.78
22K381,I. S. 381,379,917839.46
22K245,P.S. 245,296,716835.04
22K326,P.S. 326,219,530361.06
22K630,Professional Pathways High School,105,254282.7
22K611,Origins High School,85,205847.9
23K156,P.S. 156 Waverly,784,1898644.16
23K327,P.S. 327 Dr. Rose B. English,634,1535383.16
23K284,P.S. 284 Lew Wallace,587,1421561.38
23K184,P.S. 184 Newport,571,1382813.54
23K041,P.S. 041 Francis White,553,1339222.22
23K644,Eagle Academy for Young Men II,513,1242352.62
23K155,P.S./ I.S. 155 Nicholas Herkimer,511,1237509.14
23K165,P.S. 165 Ida Posner,472,1143061.28
23K178,P.S. 178 Saint Clair Mckelway,459,1111578.66
23K697,Teachers Preparatory High School,458,1109156.92
23K323,P.S./I.S. 323,451,1092204.74
23K493,Brooklyn Collegiate: A College Board School,387,937213.38
23K514,Frederick Douglass Academy VII High School,328,794330.72
23K298,P.S. 298 Dr. Betty Shabazz,297,719256.78
23K137,P.S./I.S. 137 Rachel Jean Mitchell,294,711991.56
23K446,Riverdale Avenue Community School,269,651448.06
23K392,I.S. 392,266,644182.84
23K401,Christopher Avenue Community School,244,590904.56
23K646,Aspirations Diploma Plus High School,241,583639.34
23K518,Kappa V,233,564265.42
23K150,P.S. 150 Christopher,213,515830.62
23K671,Mott Hall Bridges Academy,213,515830.62
23K522,Mott Hall IV,204,494034.96
23K643,Brooklyn Democracy Academy,198,479504.52
23K073,P.S. 073 Thomas S. Boyland,196,474661.04
23K647,Metropolitan Diploma Plus High School,188,455287.12
23K599,Brooklyn Landmark Elementary School,148,358417.52
23K363,Brownsville Collaborative Middle School,120,290608.8
23K631,General D. Chappie James Elementary School of Science,95,230065.3
23K634,General D. Chappie James Middle School of Science,87,210691.38
23K664,Brooklyn Environmental Exploration School (BEES),52,125930.48
23K668,Riverdale Avenue Middle School,49,118665.26
23K332,P.S. 332 Charles H. Houston,23,55700.02
24Q061,I.S. 061 Leonardo Da Vinci,2354,5700775.96
24Q610,Aviation Career & Technical Education High School,2231,5402901.94
24Q455,Newtown High School,2074,5022688.76
24Q089,P.S. 089 Elmhurst,1981,4797466.94
24Q019,P.S. 019 Marino Jeantet,1961,4749032.14
24Q485,Grover Cleveland High School,1869,4526232.06
24Q143,P.S. 143 Louis Armstrong,1811,4385771.14
24Q016,P.S. Q016 The Nancy DeBenedittis School,1737,4206562.38
24Q125,I.S. 125 Thom J. McCann Woodside,1734,4199297.16
24Q073,I.S. 73 - The Frank Sansivieri Intermediate School,1708,4136331.92
24Q014,P.S. 014 Fairview,1689,4090318.86
24Q005,I.S. 5 - The Walter Crowley Intermediate School,1620,3923218.8
24Q013,P.S. 013 Clement C. Moore,1607,3891736.18
24Q229,P.S. 229 Emanuel Kaplan,1549,3751275.26
24Q600,Queens Vocational and Technical High School,1514,3666514.36
24Q153,P.S. 153 Maspeth Elem,1454,3521209.96
24Q012,P.S. 012 James B. Colgate,1280,3099827.2
24Q102,P.S. 102 Bayview,1239,3000535.86
24Q093,I.S. 093 Ridgewood,1197,2898822.78
24Q007,P.S. 007 Louis F. Simeone,1121,2714770.54
24Q049,P.S. 049 Dorothy Bonawit Kole,1116,2702661.84
24Q088,P.S. 088 Seneca,1110,2688131.4
24Q077,I.S. 077,1083,2622744.42
24Q119,I.S. 119 The Glendale,1055,2554935.7
24Q081,P.S. 81Q Jean Paul Richter,1026,2484705.24
24Q058,P.S. 58 - School of Heroes,987,2390257.38
24Q307,Pioneer Academy,974,2358774.76
24Q113,P.S./I.S. 113 Anthony J. Pranzo,971,2351509.54
24Q199,P.S. 199 Maurice A. Fitzgerald,968,2344244.32
24Q071,P.S. 071 Forest,945,2288544.3
24Q128,"P.S. 128 The Lorraine Tuzzo, Juniper Valley Elementary School",909,2201361.66
24Q550,High School for Arts and Business,887,2148083.38
24Q091,P.S. 091 Richard Arkwright,835,2022152.9
24Q068,P.S. 068 Cambridge,777,1881691.98
24Q585,Maspeth High School,751,1818726.74
24Q239,P.S. 239,696,1685531.04
24Q560,"Robert F. Wagner, Jr. Secondary School for Arts and Technology",631,1528117.94
24Q299,Bard High School Early College Queens,600,1453044
24Q087,P.S. / I.S. 087 Middle Village,570,1380391.8
24Q028,P.S. 28 - The Thomas Emanuel Early Childhood Center,553,1339222.22
24Q877,The 51 Avenue Academy (The Path To Academic Excellence),524,1268991.76
24Q530,International High School at LaGuardia Community College,503,1218135.22
24Q520,Middle College High School at LaGuardia Community College,495,1198761.3
24Q264,Academy of Finance and Enterprise,467,1130952.58
24Q293,Civic Leadership Academy,453,1097048.22
24Q267,High School of Applied Communication,421,1019552.54
24Q305,Learners and Leaders,415,1005022.1
24Q330,P.S. 330,381,922682.94
24Q296,Pan American International High School,367,888778.58
24Q290,A.C.E. Academy for Scholars at the Geraldine Ferraro Campus,278,673243.72
24Q744,VOYAGES Preparatory,216,523095.84
24Q211,Elm Tree Elementary School,145,351152.3
24Q110,PS 110,140,339043.6
24Q311,Corona Arts and Sciences Academy,100,242174
24Q236,International High School for Health Sciences,50,121087
25Q425,John Bowne High School,3722,9013716.28
25Q460,Flushing High School,2499,6051928.26
25Q185,J.H.S. 185 Edward Bleeker,1520,3681044.8
25Q020,P.S. 020 John Bowne,1435,3475196.9
25Q021,P.S. 021 Edward Hart,1352,3274192.48
25Q237,I.S. 237,1224,2964209.76
25Q525,Townsend Harris High School,1151,2787422.74
25Q129,P.S. 129 Patricia Larkin,1087,2632431.38
25Q194,J.H.S. 194 William Carr,1041,2521031.34
25Q079,P.S. 079 Francis Lewis,975,2361196.5
25Q120,P.S. 120 Queens,973,2356353.02
25Q107,P.S. 107 Thomas A Dooley,969,2346666.06
25Q032,P.S. 032 State Street,947,2293387.78
25Q024,P.S. 024 Andrew Jackson,934,2261905.16
25Q022,P.S. 022 Thomas Jefferson,812,1966452.88
25Q025,I.S. 025 Adrien Block,780,1888957.2
25Q029,P.S. 029 Queens,770,1864739.8
25Q165,P.S. 165 Edith K. Bergtraum,754,1825991.96
25Q189,J.H.S. 189 Daniel Carter Beard,746,1806618.04
25Q154,P.S. 154 Queens,703,1702483.22
25Q670,Robert F. Kennedy Community High School,685,1658891.9
25Q281,East-West School of International Studies,643,1557178.82
25Q209,P.S. 209 Clearview Gardens,627,1518430.98
25Q164,P.S. 164 Queens Valley,620,1501478.8
25Q163,P.S. 163 Flushing Heights,614,1486948.36
25Q219,P.S. 219 Paul Klapper,613,1484526.62
25Q285,World Journalism Preparatory: A College Board School,609,1474839.66
25Q252,"Queens School of Inquiry, The",590,1428826.6
25Q184,P.S. 184 Flushing Manor,507,1227822.18
25Q499,"The Queens College School for Math, Science and Technology",506,1225400.44
25Q193,P.S. 193 Alfred J. Kennedy,500,1210870
25Q214,P.S. 214 Cadwallader Colden,475,1150326.5
25Q201,P.S. 201 The Discovery School for Inquiry and Research,473,1145483.02
25Q200,PS/MS 200 - The Pomonok School & STAR Academy,464,1123687.36
25Q244,The Active Learning Elementary School,428,1036504.72
25Q263,Flushing International High School,412,997756.88
25Q242,P.S. 242 Leonard P. Stavisky Early Childhood School,409,990491.66
25Q169,P.S. 169 Bay Terrace,396,959009.04
25Q294,BELL Academy,367,888778.58
25Q540,Queens Academy High School,362,876669.88
25Q130,P.S. 130,349,845187.26
25Q250,I.S. 250 The Robert F. Kennedy Community Middle School,329,796752.46
25Q792,North Queens Community High School,203,491613.22
25Q240,Veritas Academy,124,300295.76
25Q241,Queens High School for Language Studies,70,169521.8
26Q430,Francis Lewis High School,4058,9827420.92
26Q415,Benjamin N. Cardozo High School,3628,8786072.72
26Q495,Bayside High School,3241,7848859.34
26Q435,Martin Van Buren High School,2096,5075967.04
26Q216,J.H.S. 216 George J. Ryan,1364,3303253.36
26Q566,"Queens High School of Teaching, Liberal Arts and the Sciences",1164,2818905.36
26Q158,M.S. 158 Marie Curie,1120,2712348.8
26Q074,J.H.S. 074 Nathaniel Hawthorne,1002,2426583.48
26Q172,Irwin Altman Middle School 172,968,2344244.32
26Q173,P.S. 173 Fresh Meadows,945,2288544.3
26Q203,P.S. 203 Oakland Gardens,897,2172300.78
26Q067,J.H.S. 067 Louis Pasteur,883,2138396.42
26Q162,P.S. 162 John Golden,711,1721857.14
26Q266,P.S. / I.S. 266,689,1668578.86
26Q026,P.S. 026 Rufus King,653,1581396.22
26Q115,P.S. 115 Glen Oaks,646,1564444.04
26Q188,P.S. 188 Kingsbury,643,1557178.82
26Q018,P.S. 018 Winchester,642,1554757.08
26Q221,P.S. 221 The North Hills School,641,1552335.34
26Q159,P.S. 159,626,1516009.24
26Q046,P.S. 046 Alley Pond,578,1399765.72
26Q041,P.S. 041 Crocheron,560,1356174.4
26Q178,P.S./ IS 178 Holliswood,540,1307739.6
26Q031,P.S. 031 Bayside,524,1268991.76
26Q213,P.S. 213 The Carl Ullman School,433,1048613.42
26Q191,P.S. 191 Mayflower,409,990491.66
26Q133,P.S. 133 Queens,408,988069.92
26Q094,P.S. 094 David D. Porter,401,971117.74
26Q186,P.S. 186 Castlewood,366,886356.84
26Q205,P.S. 205 Alexander Graham Bell,313,758004.62
26Q098,P.S. 098 The Douglaston School,221,535204.54
27Q480,John Adams High School,2838,6872898.12
27Q475,Richmond Hill High School,2225,5388371.5
27Q210,J.H.S. 210 Elizabeth Blackwell,1936,4688488.64
27Q137,M.S. 137 America's School of Heroes,1918,4644897.32
27Q108,P.S. 108 Captain Vincent G. Fowler,1464,3545427.36
27Q124,P.S. 124 Osmond A Church,1348,3264505.52
27Q063,P.S. 063 Old South,1328,3216070.72
27Q060,P.S. 060 Woodhaven,1286,3114357.64
27Q323,Scholars' Academy,1253,3034440.22
27Q226,J.H.S. 226 Virgil I. Grissom,1191,2884292.34
27Q232,P.S. 232 Lindenwood,1068,2586418.32
27Q043,P.S. 043,1035,2506500.9
27Q202,J.H.S. 202 Robert H. Goddard,1030,2494392.2
27Q100,P.S. 100 Glen Morris,990,2397522.6
27Q650,"High School for Construction Trades, Engineering and Architecture",946,2290966.04
27Q062,P. S. 62 - Chester Park School,912,2208626.88
27Q090,P.S. 090 Horace Mann,890,2155348.6
27Q400,August Martin High School,853,2065744.22
27Q105,P.S. 105 The Bay School,845,2046370.3
27Q207,P.S. 207 Rockwood Park,753,1823570.22
27Q146,P.S. 146 Howard Beach,700,1695218
27Q097,P.S. 097 Forest Park,697,1687952.78
27Q123,P.S. 123,675,1634674.5
27Q114,P.S. / M.S. 114 Belle Harbor,669,1620144.06
27Q223,P.S. 223 Lyndon B. Johnson,661,1600770.14
27Q254,P.S. 254 - The Rosa Parks School,654,1583817.96
27Q042,P.S./M.S 042 R. Vernam,649,1571709.26
27Q064,P.S. 064 Joseph P. Addabbo,647,1566865.78
27Q262,Channel View School for Research,642,1554757.08
27Q104,P.S. 104 The Bays Water,631,1528117.94
27Q309,Academy of Medical Technology: A College Board School,631,1528117.94
27Q155,P.S. 155,598,1448200.52
27Q308,Robert H. Goddard High School of Communication Arts and Technology,598,1448200.52
27Q333,Goldie Maple Academy,541,1310161.34
27Q066,P.S. 066 Jacqueline Kennedy Onassis,538,1302896.12
27Q183,P.S. 183 Dr. Richard R. Green,532,1288365.68
27Q197,P.S. 197 The Ocean School,523,1266570.02
27Q253,P.S. 253,511,1237509.14
27Q065,P.S. 65 - The Raymond York Elementary School,508,1230243.92
27Q306,New York City Academy for Discovery,479,1160013.46
27Q317,WATERSIDE CHILDREN'S STUDIO SCHOOL,441,1067987.34
27Q045,P.S. 045 Clarence Witherspoon,437,1058300.38
27Q056,P.S. 056 Harry Eichler,413,1000178.62
27Q260,Frederick Douglass Academy VI High School,412,997756.88
27Q362,Wave Preparatory Elementary School,373,903309.02
27Q324,Rockaway Park High School for Environmental Sustainability,354,857295.96
27Q053,M.S. 053 Brian Piccolo,351,850030.74
27Q319,VILLAGE ACADEMY,324,784643.76
27Q096,P.S. 096,322,779800.28
27Q302,"Queens High School for Information, Research, and Technology",322,779800.28
27Q351,Rockaway Collegiate High School,312,755582.88
27Q051,P.S. 051,269,651448.06
27Q282,Knowledge and Power Preparatory Academy VI,262,634495.88
27Q273,P.S. 273,254,615121.96
27Q047,P.S. 047 Chris Galas,232,561843.68
27Q106,P.S. 106,223,540048.02
27Q318,WATERSIDE SCHOOL FOR LEADERSHIP,174,421382.76
27Q215,P.S. 215 Lucretia Mott,165,399587.1
27Q410,Beach Channel High School,151,365682.74
27Q261,Voyages Prep - South Queens,150,363261
27Q297,Hawtree Creek Middle School,90,217956.6
28Q440,Forest Hills High School,3800,9202612
28Q505,Hillcrest High School,3231,7824641.94
28Q620,Thomas A. Edison Career and Technical Education High School,2168,5250332.32
28Q217,J.H.S. 217 Robert A. Van Wyck,1631,3949857.94
28Q157,J.H.S. 157 Stephen A. Halsey,1476,3574488.24
28Q686,QUEENS METROPOLITAN HIGH SCHOOL,1139,2758361.86
28Q117,P.S. 117 J. Keld / Briarwood School,1037,2511344.38
28Q190,J.H.S. 190 Russell Sage,1011,2448379.14
28Q182,P.S. 182 Samantha Smith,951,2303074.74
28Q086,P.S. Q086,931,2254639.94
28Q072,Catherine & Count Basie Middle School 72,887,2148083.38
28Q139,P.S. 139 Rego Park,873,2114179.02
28Q121,P.S. 121 Queens,852,2063322.48
28Q099,P.S. 099 Kew Gardens,839,2031839.86
28Q680,Queens Gateway to Health Sciences Secondary School,811,1964031.14
28Q144,P.S. 144 Col Jeromus Remsen,809,1959187.66
28Q050,P.S. 050 Talfourd Lawn Elementary School,770,1864739.8
28Q196,P.S. 196 Grand Central Parkway,747,1809039.78
28Q175,P.S. 175 The Lynn Gross Discovery School,731,1770291.94
28Q161,P.S. 161 Arthur Ashe School,708,1714591.92
28Q220,P.S. 220 Edward Mandel,689,1668578.86
28Q174,P.S. 174 William Sidney Mount,676,1637096.24
28Q160,P.S. 160 Walter Francis Bishop,670,1622565.8
28Q310,Queens Collegiate: A College Board School,647,1566865.78
28Q082,P.S. 082 Hammond,638,1545070.12
28Q167,Metropolitan Expeditionary Learning School,605,1465152.7
28Q040,P.S. 040 Samuel Huntington,604,1462730.96
28Q206,P.S. 206 The Horace Harding School,604,1462730.96
28Q140,P.S. 140 Edward K Ellington,599,1450622.26
28Q284,York Early College Academy,592,1433670.08
28Q101,P.S. 101 School in the Gardens,587,1421561.38
28Q008,J.H.S. 008 Richard S. Grossley,574,1390078.76
28Q054,P.S. 054 Hillside,573,1387657.02
28Q690,High School for Law Enforcement and Public Safety,565,1368283.1
28Q080,P.S. 080 Thurgood Marshall Magnet,556,1346487.44
28Q896,"Young Women's Leadership School, Queens",555,1344065.7
28Q055,P.S. 055 Maure,526,1273835.24
28Q048,P.S. 048 William Wordsworth,506,1225400.44
28Q354,PS 354,440,1065565.6
28Q325,Hillside Arts & Letters Academy,420,1017130.8
28Q687,Queens High School for the Sciences at York College,419,1014709.06
28Q350,Jamaica Gateway to the Sciences,396,959009.04
28Q328,High School for Community Leadership,357,864561.18
28Q338,Queens Satellite High School for Opportunity,254,615121.96
28Q303,The Academy for Excellence through the Arts,203,491613.22
28Q287,The Emerson School,106,256704.44
28Q030,P.S. 030 Queens,93,225221.82
28Q470,Jamaica High School,52,125930.48
29Q238,I.S. 238 - Susan B. Anthony Academy,1523,3688310.02
29Q095,P.S. 095 Eastwood,1477,3576909.98
29Q109,Jean Nuzzi Intermediate School,1070,2591261.8
29Q033,P.S. 033 Edward M. Funk,1045,2530718.3
29Q135,The Bellaire School,973,2356353.02
29Q131,P.S. 131 Abigail Adams,840,2034261.6
29Q138,P.S./ M.S.138 Sunrise,793,1920439.82
29Q116,PS/IS 116 William C. Hughley,753,1823570.22
29Q176,P.S. 176 Cambria Heights,741,1794509.34
29Q208,P.S. / I.S. 208,733,1775135.42
29Q147,PS/MS 147 Ronald McNair,700,1695218
29Q035,P.S. 035 Nathaniel Woodhull,676,1637096.24
29Q195,P.S. 195 William Haberle,675,1634674.5
29Q270,The Gordon Parks School,667,1615300.58
29Q136,P.S. 136 Roy Wilkins,630,1525696.2
29Q268,PS/IS 268,608,1472417.92
29Q118,P.S. 118 Lorraine Hansberry,595,1440935.3
29Q059,I.S. 059 Springfield Gardens,569,1377970.06
29Q034,P.S. 034 John Harvard,563,1363439.62
29Q259,Pathways College Preparatory School: A College Board School,563,1363439.62
29Q295,P.S./I.S. 295,556,1346487.44
29Q037,Cynthia Jenkins School,546,1322270.04
29Q192,I.S. 192 The Linden,528,1278678.72
29Q283,Preparatory Academy for Writers: A College Board School,522,1264148.28
29Q498,Humanities & Arts Magnet High School,513,1242352.62
29Q052,P.S. 052 Queens,508,1230243.92
29Q272,George Washington Carver High School for the Sciences,498,1206026.52
29Q036,P.S. 036 Saint Albans School,494,1196339.56
29Q134,P.S. 134 Hollis,487,1179387.38
29Q265,Excelsior Preparatory High School,480,1162435.2
29Q356,Community Voices Middle School,466,1128530.84
29Q248,Queens Preparatory Academy,465,1126109.1
29Q355,Collaborative Arts Middle School,465,1126109.1
29Q015,P.S. 015 Jackie Robinson,460,1114000.4
29Q156,P.S. 156 Laurelton,454,1099469.96
29Q492,"Mathematics, Science Research and Technology Magnet High School",416,1007443.84
29Q181,P.S. 181 Brookfield,364,881513.36
29Q132,P.S. 132 Ralph Bunche,347,840343.78
29Q327,Eagle Academy for Young Men III,345,835500.3
29Q326,Cambria Heights Academy,336,813704.64
29Q251,P.S. 251 Queens,333,806439.42
29Q494,"Law, Government and Community Service High School",277,670821.98
29Q496,"Business, Computer Applications & Entrepreneurship High School",211,510987.14
29Q038,P.S. 038 Rosedale,203,491613.22
29Q243,Institute for Health Professions at Cambria Heights,82,198582.68
29Q289,Queens United Middle School,80,193739.2
30Q445,William Cullen Bryant High School,2627,6361910.98
30Q450,Long Island City High School,2522,6107628.28
30Q145,I.S. 145 Joseph Pulitzer,2079,5034797.46
30Q227,I.S. 227 Louis Armstrong,1687,4085475.38
30Q127,P.S. 127 Aerospace Science Magne,1462,3540583.88
30Q122,P.S. 122 Mamie Fay,1377,3334735.98
30Q152,P.S. 152 Gwendoline N. Alleyne School,1362,3298409.88
30Q011,P.S. 011 Kathryn Phelan,1347,3262083.78
30Q149,P.S. 149 Christa Mcauliffe,1275,3087718.5
30Q166,P.S. 166 Henry Gradstein,1240,3002957.6
30Q069,P.S. 069 Jackson Heights,1232,2983583.68
30Q141,I.S. 141 The Steinway,1209,2927883.66
30Q150,P.S. 150 Queens,1198,2901244.52
30Q148,P.S. 148 Queens,1041,2521031.34
30Q070,P.S. 070 Queens,1020,2470174.8
30Q230,I.S. 230,997,2414474.78
30Q555,Newcomers High School,929,2249796.46
30Q010,I.S. 010 Horace Greeley,922,2232844.28
30Q502,Information Technology High School,920,2228000.8
30Q092,P.S. 092 Harry T. Stewart Sr.,896,2169879.04
30Q575,Academy of American Studies,810,1961609.4
30Q212,P.S. 212,808,1956765.92
30Q501,Frank Sinatra School of the Arts High School,756,1830835.44
30Q204,I.S. 204 Oliver W. Holmes,704,1704904.96
30Q002,P.S. 002 Alfred Zimberg,681,1649204.94
30Q234,P.S. 234,643,1557178.82
30Q171,P.S. 171 Peter G. Van Alst,579,1402187.46
30Q286,"Young Women's Leadership School, Astoria",576,1394922.24
30Q076,P.S. 076 William Hallet,570,1380391.8
30Q085,P.S. 085 Judge Charles Vallone,563,1363439.62
30Q126,Albert Shanker School for Visual and Performing Arts,531,1285943.94
30Q017,P.S. 017 Henry David Thoreau,516,1249617.84
30Q580,Baccalaureate School for Global Education,500,1210870
30Q151,P.S. 151 Mary D. Carter,486,1176965.64
30Q112,P.S. 112 Dutch Kills,481,1164856.94
30Q280,P.S. 280,478,1157591.72
30Q301,Academy for Careers in Television and Film,470,1138217.8
30Q111,P.S. 111 Jacob Blackwell,399,966274.26
30Q078,P.S./I.S. 78Q,377,912995.98
30Q228,P.S. 228 Early Childhood Magnet School of the Arts,370,896043.8
30Q084,P.S. 084 Steinway,343,830656.82
30Q222,P.S. Q222 - Fire Fighter Christopher A. Santora School,343,830656.82
30Q235,Academy for New Americans,166,402008.84
30Q258,Energy Tech High School,119,288187.06
30Q291,Hunters Point Community Middle School,98,237330.52
30Q329,East Elmhurst Community School,74,179208.76
31R455,Tottenville High School,3957,9582825.18
31R460,Susan E. Wagner High School,3461,8381642.14
31R440,New Dorp High School,2734,6621037.16
31R450,Curtis High School,2396,5802489.04
31R445,Port Richmond High School,1794,4344601.56
31R024,I.S. 024 Myra S. Barnes,1387,3358953.38
31R075,I.S. 075 Frank D. Paulo,1342,3249975.08
31R080,The Michael J. Petrides School,1272,3080453.28
31R072,I.S. 072 Rocco Laurie,1252,3032018.48
31R605,Staten Island Technical High School,1235,2990848.9
31R007,I.S. 007 Elias Bernstein,1210,2930305.4
31R061,I.S. 061 William A Morris,1183,2864918.42
31R034,I.S. 034 Tottenville,1147,2777735.78
31R051,I.S. 051 Edwin Markham,1131,2738987.94
31R027,I.S. 027 Anning S. Prall,1129,2734144.46
31R022,P.S. 022 Graniteville,1055,2554935.7
31R003,P.S. 003 The Margaret Gioiosa School,1019,2467753.06
31R069,P.S. 069 Daniel D. Tompkins,940,2276435.6
31R042,P.S. 042 Eltingville,939,2274013.86
31R060,P.S. 060 Alice Austen,938,2271592.12
31R036,P.S. 036 J. C. Drumgoole,934,2261905.16
31R045,P.S. 045 John Tyler,911,2206205.14
31R002,I.S. R002 George L. Egbert,893,2162613.82
31R044,P.S. 044 Thomas C. Brown,890,2155348.6
31R050,P.S. 050 Frank Hankinson,882,2135974.68
31R013,P.S. 013 M. L. Lindemeyer,854,2068165.96
31R861,Staten Island School of Civic Leadership,829,2007622.46
31R054,P.S. 054 Charles W. Leng,822,1990670.28
31R030,P.S. 030 Westerleigh,809,1959187.66
31R058,Space Shuttle Columbia School,799,1934970.26
31R049,I.S. 49 Berta A. Dreyfus,795,1925283.3
31R029,P.S. 029 Bardwell,784,1898644.16
31R032,P.S. 032 The Gifford School,781,1891378.94
31R004,P.S. 004 Maurice Wollin,769,1862318.06
31R006,P.S. 6 Corporal Allan F. Kivlehan School,757,1833257.18
31R048,P.S. 048 William C. Wilcox,747,1809039.78
31R016,P.S. 016 John J. Driscoll,730,1767870.2
31R056,P.S. 56 The Louis Desario School,723,1750918.02
31R041,P.S. 041 New Dorp,713,1726700.62
31R055,P.S. 055 Henry M. Boehm,665,1610457.1
31R053,P.S. 053 Bay Terrace,662,1603191.88
31R057,P.S. 057 Hubert H. Humphrey,658,1593504.92
31R600,Ralph R. McKee Career and Technical Education High School,632,1530539.68
31R019,P.S. 019 The Curtis School,624,1511165.76
31R018,P.S. 018 John G. Whittier,617,1494213.58
31R039,P.S. 39 Francis J. Murphy Jr.,589,1426404.86
31R008,P.S. 8 Shirlee Solomon,550,1331957
31R047,CSI High School for International Studies,527,1276256.98
31R001,P.S. 001 Tottenville,521,1261726.54
31R052,P.S. 052 John C. Thompson,514,1244774.36
31R078,PS 78,503,1218135.22
31R020,P.S. 020 Port Richmond,500,1210870
31R023,P.S. 023 Richmondtown,497,1203604.78
31R064,Gaynor McCown Expeditionary Learning School,467,1130952.58
31R031,P.S. 031 William T. Davis,465,1126109.1
31R063,Marsh Avenue School for Expeditionary Learning,444,1075252.56
31R021,P.S. 21 Margaret Emery-Elm Park,434,1051035.16
31R065,P.S. 65 The Academy of Innovative Learning,402,973539.48
31R035,P.S. 35 The Clove Valley School,369,893622.06
31R038,P.S. 038 George Cromwell,343,830656.82
31R046,P.S. 046 Albert V. Maniscalco,340,823391.6
31R074,P.S. 74 FUTURE LEADERS ELEMENTARY SCHOOL,295,714413.3
31R011,P.S. 11 Thomas Dongan School,275,665978.5
31R005,P.S. 005 Huguenot,214,518252.36
31R026,P.S. 026 The Carteret School,211,510987.14
31R014,P.S. 014 Cornelius Vanderbilt,200,484348
31R470,Concord High School,169,409274.06
31R009,Naples Street Elementary School,87,210691.38
31R059,The Harbor View School,80,193739.2
32K383,J.H.S. 383 Philippa Schuyler,915,2215892.1
32K045,P.S. 045 Horace E. Greene,871,2109335.54
32K123,P.S. 123 Suydam,841,2036683.34
32K145,P.S. 145 Andrew Jackson,837,2026996.38
32K384,P.S. /I.S. 384 Frances E. Carter,718,1738809.32
32K376,P.S. 376,642,1554757.08
32K106,P.S. 106 Edward Everett Hale,595,1440935.3
32K274,P.S. 274 Kosciusko,582,1409452.68
32K075,P.S. 075 Mayda Cortiella,570,1380391.8
32K377,P.S. 377 Alejandrina B. De Gautier,531,1285943.94
32K116,P.S. 116 Elizabeth L Farrell,518,1254461.32
32K291,J.H.S. 291 Roland Hayes,514,1244774.36
32K545,EBC High School for Public Service - Bushwick,513,1242352.62
32K162,J.H.S. 162 The Willoughby,483,1169700.42
32K086,P.S. 086 The Irvington,456,1104313.44
32K549,Bushwick School for Social Justice,416,1007443.84
32K349,"I.S. 349 Math, Science & Tech.",402,973539.48
32K347,I.S. 347 School of Humanities,400,968696
32K151,P.S. 151 Lyndon B. Johnson,384,929948.16
32K299,P.S. 299 Thomas Warren Field,381,922682.94
32K556,Bushwick Leaders High School for Academic Excellence,362,876669.88
32K403,Academy for Environmental Leadership,352,852452.48
32K554,All City Leadership Secondary School,333,806439.42
32K564,Bushwick Community High School,328,794330.72
32K552,Academy of Urban Planning,313,758004.62
32K562,Evergreen Middle School for Urban Exploration,255,617543.7
32K168,The Brooklyn School for Math and Research,203,491613.22
32K296,I.S. 296 - The Anna Gonzalez Community School,102,247017.48